Model,Accuracy,Precision,Recall,BT_Return,BT_MaxDD,BT_Sharpe,BT_Sortino
Logistic Regression,0.579088471849866,0.6694214876033058,0.6778242677824268,0.16026398792556473,-0.10390542859034747,0.4860696008717499,0.6212541507936652
SVM,0.5120643431635389,0.6307339449541285,0.5753138075313807,-0.10334254430107627,-0.15442068940903114,-0.26308686786217855,-0.314849689387133
XGBoost,0.47319034852546915,0.6299694189602446,0.4309623430962343,-0.18569892774526336,-0.18569892774526317,-0.8349967703488392,-0.9551280813233072
LightGBM,0.47050938337801607,0.6317460317460317,0.41631799163179917,-0.1613445880076039,-0.16134458800760373,-0.6305814115710637,-0.6903197334436781
Random Forest,0.4584450402144772,0.6141975308641975,0.41631799163179917,-0.17639107988121308,-0.17935352635842833,-0.713203583621381,-0.7221337128129879
Gradient Boosting,0.4477211796246649,0.6050955414012739,0.39748953974895396,-0.01990720153547314,-0.1055397629598045,-0.026318284853733526,-0.03206426850686286
Decision Tree,0.4450402144772118,0.7711864406779662,0.1903765690376569,0.10802935847349553,-0.03814475985989189,0.6036756073749422,0.4663347077005493
