Model,Accuracy,Precision,Recall,BT_Return,BT_MaxDD,BT_Sharpe,BT_Sortino
Decision Tree,1.0,1.0,1.0,0.6137693307982368,-0.06136278907685487,1.3762036172717285,1.7596832974528123
Random Forest,1.0,1.0,1.0,0.6137693307982368,-0.06136278907685487,1.3762036172717285,1.7596832974528123
Gradient Boosting,1.0,1.0,1.0,0.6137693307982368,-0.06136278907685487,1.3762036172717285,1.7596832974528123
LightGBM,1.0,1.0,1.0,0.6137693307982368,-0.06136278907685487,1.3762036172717285,1.7596832974528123
XGBoost,0.9986979166666666,1.0,0.9974811083123426,0.6186215535604233,-0.06136278907685487,1.384589903773164,1.7653686512151983
Logistic Regression,0.9856770833333334,0.9730392156862745,1.0,0.5860407333482235,-0.06136278907685502,1.3301187351878885,1.7306826305616918
SVM,0.9479166666666666,0.9280575539568345,0.9748110831234257,0.5124858830259138,-0.11882534773311543,0.9900967027801455,1.0831132982050082
