method,n_simulations,mean_return,median_return,std_return,return_5th_pct,return_25th_pct,return_75th_pct,return_95th_pct,prob_positive,prob_ruin_10pct,prob_ruin_20pct,mean_max_dd,worst_max_dd,dd_95th_pct,mean_sharpe,median_sharpe,sharpe_5th_pct,sharpe_95th_pct
return_perturbation,1000,-0.03122799187577306,-0.03172061402535416,0.026758700354814105,-0.07602856152458877,-0.049044112432867326,-0.012623963308007295,0.01039535012700058,0.132,0.005,0.0,-0.17231982346873714,-0.22714143371827242,-0.19473441462543323,-0.00806727841926661,-0.008208374258755162,-0.12374449525931866,0.09695117983186931
