method,n_simulations,mean_return,median_return,std_return,return_5th_pct,return_25th_pct,return_75th_pct,return_95th_pct,prob_positive,prob_ruin_10pct,prob_ruin_20pct,mean_max_dd,worst_max_dd,dd_95th_pct,mean_sharpe,median_sharpe,sharpe_5th_pct,sharpe_95th_pct
block_bootstrap,1000,-0.11864961239815872,-0.13083790278495996,0.1781580680281272,-0.38691379299547435,-0.25284297912729037,0.0018663097243583615,0.20244873316696535,0.251,0.571,0.354,-0.28070853990862593,-0.5883409585281821,-0.44606109489314927,-0.20870293813594676,-0.21511540969616433,-0.8810909018852803,0.5034926046609292
stress_test,1000,-0.4199448204140865,-0.416501706599713,0.07751964458039227,-0.5575675853560862,-0.47145799800904314,-0.3665539240278014,-0.29797536262473634,0.0,1.0,0.998,-0.4437874401419617,-0.6862668323102915,-0.5723322332373422,,,,
return_perturbation,1000,-0.11571113473755813,-0.11511739046661074,0.023412102780892015,-0.154002918498824,-0.13254212513206745,-0.10017795283435443,-0.07790092166978081,0.0,0.754,0.0,-0.20936322857416453,-0.2493043674850971,-0.2346204638772142,-0.17021112888507975,-0.1684287797865604,-0.26119937246174113,-0.08208207540711472
