method,n_simulations,mean_return,median_return,std_return,return_5th_pct,return_25th_pct,return_75th_pct,return_95th_pct,prob_positive,prob_ruin_10pct,prob_ruin_20pct,mean_max_dd,worst_max_dd,dd_95th_pct,mean_sharpe,median_sharpe,sharpe_5th_pct,sharpe_95th_pct
block_bootstrap,1000,-0.01936163112880716,-0.02399960683092635,0.09134495965991171,-0.1574232490793032,-0.08291136277608031,0.038442913457036154,0.12948084070932767,0.4,0.188,0.02,-0.13669825336762703,-0.3392293140413585,-0.22222613291759483,-0.01691388879749724,-0.02607422881182109,-0.5183946414703446,0.5127885191134129
stress_test,1000,-0.35897069315627994,-0.3546167386239182,0.08566566681657743,-0.5105809940441864,-0.4142784987198173,-0.29902244012613205,-0.22340875969153004,0.0,0.999,0.975,-0.3686897074053456,-0.6435258690216293,-0.5147895803627359,,,,
return_perturbation,1000,-0.02280131528576196,-0.02212160837735784,0.025861327287396284,-0.06500797193764885,-0.041044931226494996,-0.005498766234621398,0.019037092921170652,0.186,0.0,0.0,-0.1349865879143784,-0.17566101312612087,-0.15769334316119854,-0.0254050993931384,-0.02216786081667648,-0.17267656075458918,0.11614759728762046
